FULL_CODE,PAR_CODE,PAR_NAME,DUN_CODE,DUN_NAME,DM_CODE,DM_NAME,POPULATION
033/01/01,033,BESUT,01,KUALA BESUT,01,PULAU PERHENTIAN,769
033/01/02,033,BESUT,01,KUALA BESUT,02,SEBERANG BARAT,1812
033/01/03,033,BESUT,01,KUALA BESUT,03,NAIL,3498
033/01/04,033,BESUT,01,KUALA BESUT,04,SEBERANG BARAT LUAR,2118
033/01/05,033,BESUT,01,KUALA BESUT,05,TOK SABOH,2811
033/01/06,033,BESUT,01,KUALA BESUT,06,KAMPUNG NANGKA,1246
033/01/07,033,BESUT,01,KUALA BESUT,07,KAMPUNG BARU,3397
033/01/08,033,BESUT,01,KUALA BESUT,08,BUKIT PUTERI,2046
033/01/09,033,BESUT,01,KUALA BESUT,09,AIR TERJUN,873
033/02/01,033,BESUT,02,KOTA PUTERA,01,PEKAN SEBERANG KASTAM,2046
033/02/02,033,BESUT,02,KOTA PUTERA,02,PENGKALAN NYIREH,2840
033/02/03,033,BESUT,02,KOTA PUTERA,03,KAMPUNG RAJA UTARA,1062
033/02/04,033,BESUT,02,KOTA PUTERA,04,KAMPUNG RAJA SELATAN,2085
033/02/05,033,BESUT,02,KOTA PUTERA,05,KELUANG,1392
033/02/06,033,BESUT,02,KOTA PUTERA,06,BATU TUMBUH,1301
033/02/07,033,BESUT,02,KOTA PUTERA,07,AMIR,1974
033/02/08,033,BESUT,02,KOTA PUTERA,08,GONG BAYUR,2350
033/02/09,033,BESUT,02,KOTA PUTERA,09,TEMBILA,1586
033/02/10,033,BESUT,02,KOTA PUTERA,10,BETING LINTANG,1270
033/02/11,033,BESUT,02,KOTA PUTERA,11,ALUR LINTANG,2016
033/02/12,033,BESUT,02,KOTA PUTERA,12,GELAM MAS,1046
033/03/01,033,BESUT,03,JERTIH,01,KUBANG BEMBAN,1932
033/03/02,033,BESUT,03,JERTIH,02,ALUR LINTAH,1496
033/03/03,033,BESUT,03,JERTIH,03,TOK RAJA,951
033/03/04,033,BESUT,03,JERTIH,04,BUKIT KENAK,2601
033/03/05,033,BESUT,03,JERTIH,05,GONG NERING,1349
033/03/06,033,BESUT,03,JERTIH,06,SIMPANG TIGA JERTIH,1375
033/03/07,033,BESUT,03,JERTIH,07,BANDAR JERTIH,1784
033/03/08,033,BESUT,03,JERTIH,08,SEBERANG JERTIH,1334
033/03/09,033,BESUT,03,JERTIH,09,PADANG LUAS,2113
033/03/10,033,BESUT,03,JERTIH,10,PADANG LANDAK,2844
033/03/11,033,BESUT,03,JERTIH,11,NYIUR TUJUH,809
033/03/12,033,BESUT,03,JERTIH,12,GONG GUCIL,567
033/03/13,033,BESUT,03,JERTIH,13,PELAGAT,868
033/03/14,033,BESUT,03,JERTIH,14,KAYU KELAT,795
033/04/01,033,BESUT,04,HULU BESUT,01,CERANG MELILING,1924
033/04/02,033,BESUT,04,HULU BESUT,02,LUBUK KAWAH,1022
033/04/03,033,BESUT,04,HULU BESUT,03,ALUR KELADI,1776
033/04/04,033,BESUT,04,HULU BESUT,04,DARAU,1721
033/04/05,033,BESUT,04,HULU BESUT,05,PASIR AKAR,1684
033/04/06,033,BESUT,04,HULU BESUT,06,PADANG BUAL,1183
033/04/07,033,BESUT,04,HULU BESUT,07,BUKIT PAYUNG,1754
033/04/08,033,BESUT,04,HULU BESUT,08,FELDA TENANG,1798
033/04/09,033,BESUT,04,HULU BESUT,09,KAMPUNG LA,1505
033/04/10,033,BESUT,04,HULU BESUT,10,HULU BESUT,1726
034/05/01,034,SETIU,05,JABI,01,KUALA KUBANG,1904
034/05/02,034,SETIU,05,JABI,02,APAL,2356
034/05/03,034,SETIU,05,JABI,03,TANAH MERAH,2515
034/05/04,034,SETIU,05,JABI,04,KERANDANG,1709
034/05/05,034,SETIU,05,JABI,05,JABI,1419
034/05/06,034,SETIU,05,JABI,06,RENEK,1501
034/05/07,034,SETIU,05,JABI,07,TEMPINIS,2161
034/05/08,034,SETIU,05,JABI,08,BUKIT JERUK,1318
034/05/09,034,SETIU,05,JABI,09,TOK DOR,2937
034/05/10,034,SETIU,05,JABI,10,GONG BATU,850
034/06/01,034,SETIU,06,PERMAISURI,01,BINTANG,2068
034/06/02,034,SETIU,06,PERMAISURI,02,FIKRI,899
034/06/03,034,SETIU,06,PERMAISURI,03,MANGKUK,593
034/06/04,034,SETIU,06,PERMAISURI,04,GUNTUNG DALAM,1257
034/06/05,034,SETIU,06,PERMAISURI,05,GUNTUNG LUAR,1685
034/06/06,034,SETIU,06,PERMAISURI,06,KAMPUNG BESUT,1323
034/06/07,034,SETIU,06,PERMAISURI,07,PERMAISURI,2517
034/06/08,034,SETIU,06,PERMAISURI,08,PUTERA JAYA,1471
034/06/09,034,SETIU,06,PERMAISURI,09,BANGGUL,1775
034/06/10,034,SETIU,06,PERMAISURI,10,PENARIK,1034
034/06/11,034,SETIU,06,PERMAISURI,11,BARI,1019
034/06/12,034,SETIU,06,PERMAISURI,12,TELAGA PAPAN,926
034/06/13,034,SETIU,06,PERMAISURI,13,RHU SEPULUH,1103
034/06/14,034,SETIU,06,PERMAISURI,14,SAUJANA,1292
034/07/01,034,SETIU,07,LANGKAP,01,KAMPUNG RAHMAT,2170
034/07/02,034,SETIU,07,LANGKAP,02,GONG TERAP,1899
034/07/03,034,SETIU,07,LANGKAP,03,BUKIT PUTERA,608
034/07/04,034,SETIU,07,LANGKAP,04,CHALOK BARAT,2524
034/07/05,034,SETIU,07,LANGKAP,05,LANGKAP,1825
034/07/06,034,SETIU,07,LANGKAP,06,PENGKALAN MERBAU,989
034/07/07,034,SETIU,07,LANGKAP,07,SUNGAI BARI,633
034/07/08,034,SETIU,07,LANGKAP,08,JELAPANG,856
034/07/09,034,SETIU,07,LANGKAP,09,SUNGAI TONG,1714
034/07/10,034,SETIU,07,LANGKAP,10,PELUNG,745
034/07/11,034,SETIU,07,LANGKAP,11,KAMPUNG BUKIT,1115
034/07/12,034,SETIU,07,LANGKAP,12,BUKIT MUNDUK,858
034/07/13,034,SETIU,07,LANGKAP,13,CHALOK KEDAI,1032
034/08/01,034,SETIU,08,BATU RAKIT,01,MERANG,1729
034/08/02,034,SETIU,08,BATU RAKIT,02,PULAU REDANG,797
034/08/03,034,SETIU,08,BATU RAKIT,03,MENGABANG LEKAR,1981
034/08/04,034,SETIU,08,BATU RAKIT,04,DARAT BATU RAKIT,2184
034/08/05,034,SETIU,08,BATU RAKIT,05,BATU RAKIT,3164
034/08/06,034,SETIU,08,BATU RAKIT,06,MARAS,1604
034/08/07,034,SETIU,08,BATU RAKIT,07,PADANG KEMUNTING,1512
034/08/08,034,SETIU,08,BATU RAKIT,08,MENGABANG TELIPUT,2830
034/08/09,034,SETIU,08,BATU RAKIT,09,MENGABANG TELUNG,2919
035/09/01,035,KUALA NERUS,09,TEPUH,01,BUKIT WAN,1588
035/09/02,035,KUALA NERUS,09,TEPUH,02,BUKIT CEMPAKA,1476
035/09/03,035,KUALA NERUS,09,TEPUH,03,FELDA BELARA,1122
035/09/04,035,KUALA NERUS,09,TEPUH,04,GEMURUH,1425
035/09/05,035,KUALA NERUS,09,TEPUH,05,BUKIT GUNTUNG,1759
035/09/06,035,KUALA NERUS,09,TEPUH,06,TEPUH,3220
035/09/07,035,KUALA NERUS,09,TEPUH,07,PADANG AIR,1824
035/09/08,035,KUALA NERUS,09,TEPUH,08,TOK JIRING,2732
035/09/09,035,KUALA NERUS,09,TEPUH,09,WAKAF TENGAH,1692
035/09/10,035,KUALA NERUS,09,TEPUH,10,PADANG NANAS,1820
035/09/11,035,KUALA NERUS,09,TEPUH,11,TAMAN PERUMAHAN GONG BADAK,1836
035/09/12,035,KUALA NERUS,09,TEPUH,12,LEREK,1769
035/09/13,035,KUALA NERUS,09,TEPUH,13,GONG DATUK,1661
035/09/14,035,KUALA NERUS,09,TEPUH,14,WAKAF TEMBESU,1151
035/10/01,035,KUALA NERUS,10,BULUH GADING,01,BUKIT PETITI,1214
035/10/02,035,KUALA NERUS,10,BULUH GADING,02,BANGGUL PERADUNG,2691
035/10/03,035,KUALA NERUS,10,BULUH GADING,03,KEBUR BESAR,1795
035/10/04,035,KUALA NERUS,10,BULUH GADING,04,KEBUR AIR,1426
035/10/05,035,KUALA NERUS,10,BULUH GADING,05,JERAM,2621
035/10/06,035,KUALA NERUS,10,BULUH GADING,06,PETAI BUBUS,3960
035/10/07,035,KUALA NERUS,10,BULUH GADING,07,TANJUNG BUNUT,668
035/10/08,035,KUALA NERUS,10,BULUH GADING,08,KESUM,1600
035/10/09,035,KUALA NERUS,10,BULUH GADING,09,BULUH GADING,1452
035/11/01,035,KUALA NERUS,11,SEBERANG TAKIR,01,TOK JEMBAL,2498
035/11/02,035,KUALA NERUS,11,SEBERANG TAKIR,02,BUKIT TOK BENG,1245
035/11/03,035,KUALA NERUS,11,SEBERANG TAKIR,03,KAMPUNG BATIN,2052
035/11/04,035,KUALA NERUS,11,SEBERANG TAKIR,04,KAMPUNG BARU SEBERANG TAKIR,2098
035/11/05,035,KUALA NERUS,11,SEBERANG TAKIR,05,SEBERANG TAKIR PANTAI,1969
035/11/06,035,KUALA NERUS,11,SEBERANG TAKIR,06,TELUK KETAPANG,1856
035/11/07,035,KUALA NERUS,11,SEBERANG TAKIR,07,TELAGA DAING,2135
035/11/08,035,KUALA NERUS,11,SEBERANG TAKIR,08,TELAGA BATIN,1645
035/11/09,035,KUALA NERUS,11,SEBERANG TAKIR,09,KUBANG BADAK,2168
035/12/01,035,KUALA NERUS,12,BUKIT TUNGGAL,01,BATU ENAM,3726
035/12/02,035,KUALA NERUS,12,BUKIT TUNGGAL,02,PAK KATAK,1278
035/12/03,035,KUALA NERUS,12,BUKIT TUNGGAL,03,BUKIT TUMBUH,1928
035/12/04,035,KUALA NERUS,12,BUKIT TUNGGAL,04,BUKIT TUNGGAL,3949
035/12/05,035,KUALA NERUS,12,BUKIT TUNGGAL,05,DUYUNG,2623
035/12/06,035,KUALA NERUS,12,BUKIT TUNGGAL,06,PULAU KETAM,997
035/12/07,035,KUALA NERUS,12,BUKIT TUNGGAL,07,GONG KIJANG,1276
036/13/01,036,KUALA TERENGGANU,13,WAKAF MEMPELAM,01,PULAU RUSA,2147
036/13/02,036,KUALA TERENGGANU,13,WAKAF MEMPELAM,02,PALUH,2347
036/13/03,036,KUALA TERENGGANU,13,WAKAF MEMPELAM,03,LOSONG DATOK AMAR,1272
036/13/04,036,KUALA TERENGGANU,13,WAKAF MEMPELAM,04,LOSONG PENGLIMA PERANG,1906
036/13/05,036,KUALA TERENGGANU,13,WAKAF MEMPELAM,05,LOSONG HAJI MAT SHAFIE,1965
036/13/06,036,KUALA TERENGGANU,13,WAKAF MEMPELAM,06,SEBERANG BARUH,1606
036/13/07,036,KUALA TERENGGANU,13,WAKAF MEMPELAM,07,WAKAF BERUAS,1340
036/13/08,036,KUALA TERENGGANU,13,WAKAF MEMPELAM,08,MERBAU PATAH,2956
036/13/09,036,KUALA TERENGGANU,13,WAKAF MEMPELAM,09,DURIAN BURUNG,2928
036/13/10,036,KUALA TERENGGANU,13,WAKAF MEMPELAM,10,SUNGAI RENGAS,2626
036/13/11,036,KUALA TERENGGANU,13,WAKAF MEMPELAM,11,WAKAF MEMPELAM,2864
036/13/12,036,KUALA TERENGGANU,13,WAKAF MEMPELAM,12,KUALA BEKAH,1970
036/13/13,036,MARANG,13,WAKAF MEMPELAM,13,GELUGUR KEDAI,5747
036/14/01,036,KUALA TERENGGANU,14,BANDAR,01,TOK KU,2564
036/14/02,036,KUALA TERENGGANU,14,BANDAR,02,CABANG TIGA,1165
036/14/03,036,KUALA TERENGGANU,14,BANDAR,03,HILIRAN MASJID,1430
036/14/04,036,KUALA TERENGGANU,14,BANDAR,04,LOSONG MASJID,1945
036/14/05,036,KUALA TERENGGANU,14,BANDAR,05,PULAU KAMBING,3624
036/14/06,036,KUALA TERENGGANU,14,BANDAR,06,KAMPUNG CINA,2681
036/14/07,036,KUALA TERENGGANU,14,BANDAR,07,BANGGUL,2129
036/14/08,036,KUALA TERENGGANU,14,BANDAR,08,PAYA BUNGA,2401
036/14/09,036,KUALA TERENGGANU,14,BANDAR,09,TANJUNG,1964
036/15/01,036,KUALA TERENGGANU,15,LADANG,01,LADANG,3169
036/15/02,036,KUALA TERENGGANU,15,LADANG,02,TEKUKUR,2386
036/15/03,036,KUALA TERENGGANU,15,LADANG,03,BATAS BARU,3009
036/15/04,036,KUALA TERENGGANU,15,LADANG,04,GONG KAPAS,2388
036/15/05,036,KUALA TERENGGANU,15,LADANG,05,PASIR PANJANG,4030
036/15/06,036,KUALA TERENGGANU,15,LADANG,06,BUKIT BAYAS,1452
036/15/07,036,KUALA TERENGGANU,15,LADANG,07,BUKIT BESAR,2019
036/15/08,036,KUALA TERENGGANU,15,LADANG,08,GONG GEMIA,1730
036/16/01,036,KUALA TERENGGANU,16,BATU BURUK,01,PANTAI BATU BURUK,1094
036/16/02,036,KUALA TERENGGANU,16,BATU BURUK,02,NIBUNG,2492
036/16/03,036,KUALA TERENGGANU,16,BATU BURUK,03,GONG TOK NASEK,3802
036/16/04,036,KUALA TERENGGANU,16,BATU BURUK,04,BUKIT DEPU,2751
036/16/05,036,KUALA TERENGGANU,16,BATU BURUK,05,KUALA IBAI,2381
036/16/06,036,KUALA TERENGGANU,16,BATU BURUK,06,CHENDERING PANTAI,3740
036/16/07,036,KUALA TERENGGANU,16,BATU BURUK,07,CHENDERING,2414
036/16/08,036,KUALA TERENGGANU,16,BATU BURUK,08,TAMAN PERMINT JAYA,2360
036/16/09,036,KUALA TERENGGANU,16,BATU BURUK,09,MENGABANG TENGAH,2194
036/16/10,036,KUALA TERENGGANU,16,BATU BURUK,10,KOLAM,1142
036/16/11,036,KUALA TERENGGANU,16,BATU BURUK,11,KENANGA,3116
036/16/12,036,KUALA TERENGGANU,16,BATU BURUK,12,TOK ADIS,2629
037/17/01,037,MARANG,17,ALUR LIMBAT,01,PULAU MANIS,1359
037/17/02,037,MARANG,17,ALUR LIMBAT,02,RAWAI,2279
037/17/03,037,MARANG,17,ALUR LIMBAT,03,TASIK,4016
037/17/04,037,MARANG,17,ALUR LIMBAT,04,BANGGUL TOK KU,2571
037/17/05,037,MARANG,17,ALUR LIMBAT,05,BELADAU SELAT,1797
037/17/06,037,MARANG,17,ALUR LIMBAT,06,KEPUNG,1555
037/17/07,037,MARANG,17,ALUR LIMBAT,07,PADANG MIDIN,3445
037/17/08,037,MARANG,17,ALUR LIMBAT,09,TEBAKANG,2616
037/18/01,037,MARANG,18,BUKIT PAYUNG,01,KAMPUNG LAUT,2497
037/18/02,037,MARANG,18,BUKIT PAYUNG,02,ATAS TOL,2471
037/18/03,037,MARANG,18,BUKIT PAYUNG,03,PAYA RESAK,2011
037/18/04,037,MARANG,18,BUKIT PAYUNG,04,KEDAI BULUH,2596
037/18/05,037,MARANG,18,BUKIT PAYUNG,05,SURAU HAJI DAUD,2661
037/18/06,037,MARANG,18,BUKIT PAYUNG,06,UNDANG,1624
037/18/07,037,MARANG,18,BUKIT PAYUNG,07,BUKIT PAYUNG,2101
037/18/08,037,MARANG,18,BUKIT PAYUNG,08,PEKAN BUKIT PAYUNG,2246
037/18/09,037,MARANG,18,BUKIT PAYUNG,09,MAK KEMAS,1354
037/18/10,037,MARANG,18,BUKIT PAYUNG,10,SURAU PANJANG,1230
037/19/01,037,MARANG,19,RU RENDANG,01,RUSILA,3461
037/19/02,037,MARANG,19,RU RENDANG,02,MEDAN JAYA,1676
037/19/03,037,MARANG,19,RU RENDANG,03,SENTUL PATAH,1377
037/19/04,037,MARANG,19,RU RENDANG,04,KIJING,3783
037/19/05,037,MARANG,19,RU RENDANG,05,BANDAR MARANG,2103
037/19/06,037,MARANG,19,RU RENDANG,06,SEBERANG MARANG,2571
037/19/07,037,MARANG,19,RU RENDANG,07,BUKIT GASING,2340
037/19/08,037,MARANG,19,RU RENDANG,08,BATANGAN,846
037/19/09,037,MARANG,19,RU RENDANG,09,RU MUDA,2369
037/19/10,037,MARANG,19,RU RENDANG,10,PULAU KERENGGA,2268
037/19/11,037,MARANG,19,RU RENDANG,11,KELULUT,1246
037/20/01,037,MARANG,20,PENGKALAN BERANGAN,01,SUNGAI SERAI,1024
037/20/02,037,MARANG,20,PENGKALAN BERANGAN,02,BINJAI RENDAH,1963
037/20/03,037,MARANG,20,PENGKALAN BERANGAN,03,CERANG CHINA,790
037/20/04,037,MARANG,20,PENGKALAN BERANGAN,04,WAKAF TAPAI,3829
037/20/05,037,MARANG,20,PENGKALAN BERANGAN,05,JERUNG SURAU,2401
037/20/06,037,MARANG,20,PENGKALAN BERANGAN,06,BUKIT PARIT,1127
037/20/07,037,MARANG,20,PENGKALAN BERANGAN,07,PENGKALAN BERANGAN,2248
037/20/08,037,MARANG,20,PENGKALAN BERANGAN,08,KUBU,1003
037/20/09,037,MARANG,20,PENGKALAN BERANGAN,09,MERCANG,2759
037/20/10,037,MARANG,20,PENGKALAN BERANGAN,10,PASIR PUTIH,973
037/20/11,037,MARANG,20,PENGKALAN BERANGAN,11,JAMBU BONGKOK,1454
037/20/12,037,MARANG,20,PENGKALAN BERANGAN,12,GONG BALAI,1486
037/20/13,037,MARANG,20,PENGKALAN BERANGAN,13,PADANG MENGKUANG,2483
037/20/14,037,MARANG,20,PENGKALAN BERANGAN,14,DURIAN GULING,1090
037/20/15,037,MARANG,20,PENGKALAN BERANGAN,15,BUKIT JEJULUNG,1058
038/21/01,038,HULU TERENGGANU,21,SEKAYU,01,BASUNG,679
038/21/02,038,HULU TERENGGANU,21,SEKAYU,02,TERIS,482
038/21/03,038,HULU TERENGGANU,21,SEKAYU,03,KUALA PING,1134
038/21/04,038,HULU TERENGGANU,21,SEKAYU,04,PAYANG KAYU,787
038/21/05,038,HULU TERENGGANU,21,SEKAYU,05,TENGKAWANG,1024
038/21/06,038,HULU TERENGGANU,21,SEKAYU,06,NIBUNG,617
038/21/07,038,HULU TERENGGANU,21,SEKAYU,07,MATANG,1264
038/21/08,038,HULU TERENGGANU,21,SEKAYU,08,PAUH,1659
038/21/09,038,HULU TERENGGANU,21,SEKAYU,09,KUALA DURA,1389
038/21/10,038,HULU TERENGGANU,21,SEKAYU,10,DUSUN,923
038/21/11,038,HULU TERENGGANU,21,SEKAYU,11,BUKIT GEMURUH,1505
038/21/12,038,HULU TERENGGANU,21,SEKAYU,12,SEKAYU,1306
038/21/13,038,HULU TERENGGANU,21,SEKAYU,13,TAPAH,958
038/21/14,038,HULU TERENGGANU,21,SEKAYU,14,CETING,605
038/21/15,038,HULU TERENGGANU,21,SEKAYU,15,KUALA JENERIS,231
038/22/01,038,KUALA NERUS,22,MANIR,01,TELUK PASU,3217
038/22/02,038,HULU TERENGGANU,22,MANIR,02,KEDAI MANIR,2409
038/22/03,038,HULU TERENGGANU,22,MANIR,03,BELADAU KOLAM,1575
038/22/04,038,HULU TERENGGANU,22,MANIR,04,DURIAN EMAS,2604
038/22/05,038,HULU TERENGGANU,22,MANIR,05,PULAU BAHAGIA,2729
038/22/06,038,HULU TERENGGANU,22,MANIR,06,PUJUK,2540
038/22/07,038,HULU TERENGGANU,22,MANIR,07,BATU HAMPAR,1633
038/22/08,038,HULU TERENGGANU,22,MANIR,08,TELUK MENARA,2396
038/23/01,038,HULU TERENGGANU,23,KUALA BERANG,01,KUALA TELEMUNG,2085
038/23/02,038,HULU TERENGGANU,23,KUALA BERANG,02,GETANG,1010
038/23/03,038,HULU TERENGGANU,23,KUALA BERANG,03,PASIR TINGGI,1013
038/23/04,038,HULU TERENGGANU,23,KUALA BERANG,04,SUNGAI ULAR,1229
038/23/05,038,HULU TERENGGANU,23,KUALA BERANG,05,TANGGUL,1032
038/23/06,038,HULU TERENGGANU,23,KUALA BERANG,06,BANDAR KUALA BERANG,1733
038/23/07,038,HULU TERENGGANU,23,KUALA BERANG,07,BUKIT TOK BAT,1455
038/23/08,038,HULU TERENGGANU,23,KUALA BERANG,08,TELAGA,2428
038/23/09,038,HULU TERENGGANU,23,KUALA BERANG,09,TANJUNG PUTAT,767
038/23/10,038,HULU TERENGGANU,23,KUALA BERANG,10,LANGGAR,1811
038/23/11,038,HULU TERENGGANU,23,KUALA BERANG,11,KAMPUNG BULUH,1735
038/23/12,038,HULU TERENGGANU,23,KUALA BERANG,12,TAPU,700
038/23/13,038,HULU TERENGGANU,23,KUALA BERANG,13,SUNGAI PETAI,681
038/23/14,038,HULU TERENGGANU,23,KUALA BERANG,14,TAJIN,735
038/24/01,038,HULU TERENGGANU,24,AJIL,01,BUKIT PERAH,1404
038/24/02,038,HULU TERENGGANU,24,AJIL,02,BUKIT APIT,1005
038/24/03,038,HULU TERENGGANU,24,AJIL,03,TOK RANDOK,1296
038/24/04,038,HULU TERENGGANU,24,AJIL,04,PENGKALAN AJAL,1079
038/24/05,038,HULU TERENGGANU,24,AJIL,05,BUKIT DIMAN,1225
038/24/06,038,HULU TERENGGANU,24,AJIL,06,BUKIT BADING,2729
038/24/07,038,HULU TERENGGANU,24,AJIL,07,LANDAS,677
038/24/08,038,HULU TERENGGANU,24,AJIL,08,PERUH,1378
038/24/09,038,HULU TERENGGANU,24,AJIL,09,MENERUNG,765
038/24/10,038,HULU TERENGGANU,24,AJIL,10,LUBUK PERIUK,377
038/24/11,038,HULU TERENGGANU,24,AJIL,11,PEKAN AJIL,1687
038/24/12,038,HULU TERENGGANU,24,AJIL,12,FELDA TERSAT,964
038/24/13,038,HULU TERENGGANU,24,AJIL,13,FELDA JERANGAU BARAT,1966
038/24/14,038,HULU TERENGGANU,24,AJIL,14,PEREH,280
038/24/15,038,HULU TERENGGANU,24,AJIL,15,BETUNG,370
038/24/16,038,HULU TERENGGANU,24,AJIL,16,FELDA MENGKAWANG,1674
039/25/01,039,DUNGUN,25,BUKIT BESI,01,FELDA JERANGAU,3227
039/25/02,039,DUNGUN,25,BUKIT BESI,02,TEPUS,290
039/25/03,039,DUNGUN,25,BUKIT BESI,03,DENDANG,1091
039/25/04,039,DUNGUN,25,BUKIT BESI,04,BUKIT BESI,2291
039/25/05,039,DUNGUN,25,BUKIT BESI,05,AL-MUKTAFI BILLAH SHAH,3309
039/25/06,039,DUNGUN,25,BUKIT BESI,06,KUALA JENGAI,877
039/25/07,039,DUNGUN,25,BUKIT BESI,07,PASIR RAJA,399
039/25/08,039,DUNGUN,25,BUKIT BESI,08,SHUKOR,298
039/25/09,039,DUNGUN,25,BUKIT BESI,09,JONGOK BATU,317
039/25/10,039,DUNGUN,25,BUKIT BESI,10,MINDA,458
039/26/01,039,DUNGUN,26,RANTAU ABANG,01,NERANG,445
039/26/02,039,DUNGUN,26,RANTAU ABANG,02,LINTANG,303
039/26/03,039,DUNGUN,26,RANTAU ABANG,03,PADANG PULUT,1545
039/26/04,039,DUNGUN,26,RANTAU ABANG,04,DELUNG,636
039/26/05,039,DUNGUN,26,RANTAU ABANG,05,KUALA ABANG,2843
039/26/06,039,DUNGUN,26,RANTAU ABANG,06,SEBERANG PINTASAN,2893
039/26/07,039,DUNGUN,26,RANTAU ABANG,07,PULAU SERAI,3248
039/26/08,039,DUNGUN,26,RANTAU ABANG,08,TOK KAH,755
039/26/09,039,DUNGUN,26,RANTAU ABANG,09,PAK SABAH,1887
039/26/10,039,DUNGUN,26,RANTAU ABANG,10,SERDANG,879
039/26/11,039,DUNGUN,26,RANTAU ABANG,11,BALAI BESAR,2516
039/26/12,039,DUNGUN,26,RANTAU ABANG,12,TAMAN PERMINT INDAH,1565
039/27/01,039,DUNGUN,27,SURA,01,GONG PASIR,3393
039/27/02,039,DUNGUN,27,SURA,02,SUNGAI PENAGA,1355
039/27/03,039,DUNGUN,27,SURA,03,SUNGAI BUAYA,2416
039/27/04,039,DUNGUN,27,SURA,04,NIBUNG,668
039/27/05,039,DUNGUN,27,SURA,05,BUKIT CATAK,4035
039/27/06,039,DUNGUN,27,SURA,06,ALUR TEMBESU,2149
039/27/07,039,DUNGUN,27,SURA,07,KAMPUNG MOLEK,1410
039/27/08,039,DUNGUN,27,SURA,08,TANAH LOT,1534
039/27/09,039,DUNGUN,27,SURA,09,TELUK LIPAT,762
039/27/10,039,DUNGUN,27,SURA,10,SURA GATE,1387
039/27/11,039,DUNGUN,27,SURA,11,SURA UTARA,1257
039/27/12,039,DUNGUN,27,SURA,12,PADANG JAMBU,1170
039/27/13,039,DUNGUN,27,SURA,13,SURA TENGAH,4174
039/28/01,039,DUNGUN,28,PAKA,01,PINANG,775
039/28/02,039,DUNGUN,28,PAKA,02,KAMPUNG BARU BATU LIMA,1090
039/28/03,039,DUNGUN,28,PAKA,03,DURIAN MENTANGAU,633
039/28/04,039,DUNGUN,28,PAKA,04,KAMPUNG NYIUR,2101
039/28/05,039,DUNGUN,28,PAKA,05,TEBING TEMBAH,1440
039/28/06,039,DUNGUN,28,PAKA,06,KAMPUNG MASJID,955
039/28/07,039,DUNGUN,28,PAKA,07,LIMBUNG,3327
039/28/08,039,DUNGUN,28,PAKA,08,CACAR,1911
039/28/09,039,DUNGUN,28,PAKA,09,FELDA KERTIH 2,2057
039/28/10,039,DUNGUN,28,PAKA,10,FELDA KERTIH 1,3007
039/28/11,039,DUNGUN,28,PAKA,11,SANTUNG,655
039/28/12,039,DUNGUN,28,PAKA,12,FELDA KERTIH 4,2308
039/28/13,039,DUNGUN,28,PAKA,13,CACAR BARU,2349
039/28/14,039,DUNGUN,28,PAKA,14,FELDA KERTIH 3,2102
040/29/01,040,KEMAMAN,29,KEMASIK,01,BATU PUTIH,548
040/29/02,040,KEMAMAN,29,KEMASIK,02,FELDA KERTIH 6,2596
040/29/03,040,KEMAMAN,29,KEMASIK,03,KAMPUNG RANGGON,1110
040/29/04,040,KEMAMAN,29,KEMASIK,04,KUALA KERTIH,1931
040/29/05,040,KEMAMAN,29,KEMASIK,05,PEKAN KERTIH,2733
040/29/06,040,KEMAMAN,29,KEMASIK,06,KEMASIK,1539
040/29/07,040,KEMAMAN,29,KEMASIK,07,PEKAN AIR JERNIH,1526
040/29/08,040,KEMAMAN,29,KEMASIK,08,FELDA KERTIH 5,2086
040/29/09,040,KEMAMAN,29,KEMASIK,09,CHABANG,935
040/29/10,040,KEMAMAN,29,KEMASIK,10,TOK KAYA,2392
040/29/11,040,KEMAMAN,29,KEMASIK,11,RANTAU PETRONAS,2841
040/30/01,040,KEMAMAN,30,KIJAL,01,PADANG KUBU,1488
040/30/02,040,KEMAMAN,30,KIJAL,02,SERI BANDI,3491
040/30/03,040,KEMAMAN,30,KIJAL,03,IBOK,1787
040/30/04,040,KEMAMAN,30,KIJAL,04,BUKIT ANAK DARA,643
040/30/05,040,KEMAMAN,30,KIJAL,05,PEKAN KIJAL,4022
040/30/06,040,KEMAMAN,30,KIJAL,06,TELUK KALUNG,1343
040/30/07,040,KEMAMAN,30,KIJAL,07,BUKIT KUANG,5015
040/30/08,040,KEMAMAN,30,KIJAL,08,PAYOH,1312
040/30/09,040,KEMAMAN,30,KIJAL,09,BERIS MERAGA,1586
040/30/10,040,KEMAMAN,30,KIJAL,10,BAKAU TINGGI,1188
040/31/01,040,KEMAMAN,31,CUKAI,01,KAMPUNG BESUT,1686
040/31/02,040,KEMAMAN,31,CUKAI,02,KAMPUNG TUAN,771
040/31/03,040,KEMAMAN,31,CUKAI,03,GONG LIMAU,3004
040/31/04,040,KEMAMAN,31,CUKAI,04,GONG PAUH,2635
040/31/05,040,KEMAMAN,31,CUKAI,05,KUBANG KURUS,3745
040/31/06,040,KEMAMAN,31,CUKAI,06,BANGGUL,745
040/31/07,040,KEMAMAN,31,CUKAI,07,KAMPUNG TENGAH,1803
040/31/08,040,KEMAMAN,31,CUKAI,08,KUALA KEMAMAN,2020
040/31/09,040,KEMAMAN,31,CUKAI,09,GELIGA,3168
040/31/10,040,KEMAMAN,31,CUKAI,10,JAKAR,1951
040/31/11,040,KEMAMAN,31,CUKAI,11,FIKRI,1660
040/31/12,040,KEMAMAN,31,CUKAI,12,PAYA BERENJUT,1980
040/31/13,040,KEMAMAN,31,CUKAI,13,GELIGA BESAR,1798
040/31/14,040,KEMAMAN,31,CUKAI,14,BANDAR BARU CENIH,2822
040/32/01,040,KEMAMAN,32,AIR PUTIH,01,MAK CHILI,2615
040/32/02,040,KEMAMAN,32,AIR PUTIH,02,BUKIT MENTOK,2058
040/32/03,040,KEMAMAN,32,AIR PUTIH,03,PASIR MINAL,1381
040/32/04,040,KEMAMAN,32,AIR PUTIH,04,BINJAI,4473
040/32/05,040,KEMAMAN,32,AIR PUTIH,05,PASIR GAJAH,1483
040/32/06,040,KEMAMAN,32,AIR PUTIH,06,SEBERANG TAYUR,1956
040/32/07,040,KEMAMAN,32,AIR PUTIH,07,DADUNG,1131
040/32/08,040,KEMAMAN,32,AIR PUTIH,08,AIR PUTIH,1454
040/32/09,040,KEMAMAN,32,AIR PUTIH,09,BANDAR CERUL,1793
040/32/10,040,KEMAMAN,32,AIR PUTIH,10,SUNGAI PERGAM,192
040/32/11,040,KEMAMAN,32,AIR PUTIH,11,FELDA NERAM 1,4438
040/32/12,040,KEMAMAN,32,AIR PUTIH,12,HULU JABUR,1051
040/32/13,040,KEMAMAN,32,AIR PUTIH,13,FELDA NERAM 2,2427